"001","002"
"002","003"
"003","003-gi","003-m"
"004","005"
"005","006"
"006","006-gi","006-mx","006-my"
"007","008"
"008","009"
"009","009-gi","009-m"
"010","011"
"011","012"
"012","012-gi"
"013","014"
"014","015"
"015","015-m"
"016","017"
"017","018"
"018","018-m"
"019","020"
"021","022"
"023","024"
"025","025-gi","026","026-a"
"026","026-mx","026-my"
"027","028"
"029","030"
"030","031"
"032","033"
"033","034"
"035","036"
"036","036-m"
"037","038"
"039","040"
"041","042"
"042","169"
"043","044"
"044","045","182"
"046","047"
"048","049"
"050","051"
"052","052-gi","053"
"054","055"
"056","057"
"057","979"
"058","059"
"060","061"
"061","062","186"
"063","064"
"064","065"
"065","065-m"
"066","067"
"067","068"
"068","068-gi"
"069","070"
"070","071"
"071","071-m"
"072","073"
"074","075"
"075","076"
"077","078"
"079","080","199"
"080","080-m"
"081","082"
"082","462"
"084","085"
"086","087"
"088","089"
"090","091"
"092","093"
"093","094"
"094","094-gi","094-m"
"095","208"
"096","097"
"098","099"
"099","099-gi"
"100","101"
"102","103","103-a"
"104","105","105-a"
"108","463"
"109","110","110-g"
"111","112"
"112","464"
"113","242"
"114","465"
"115","115-m"
"116","117"
"117","230"
"118","119"
"120","121"
"121","121-m"
"123","212","900"
"125","466"
"126","467"
"127","127-m"
"129","130"
"130","130-m"
"131","131-gi"
"133","133-gi","134","135","136","196","197","470","471","700"
"137","233"
"138","139"
"140","141"
"142","142-m"
"143","143-gi"
"147","148"
"148","149"
"149","149-m"
"150","150-mx","150-my"
"152","153"
"153","154"
"154","154-m"
"155","156"
"156","157","157-h"
"158","159"
"159","160"
"160","160-m"
"161","162"
"163","164"
"165","166"
"167","168"
"170","171"
"172","025"
"173","035"
"174","039"
"175","176"
"176","468"
"177","178"
"179","180"
"180","181"
"181","181-m"
"183","184"
"187","188"
"188","189"
"190","424"
"191","192"
"193","469"
"194","195"
"198","430"
"200","429"
"203","981"
"204","205"
"206","982"
"207","472"
"208","208-m"
"209","210"
"212","212-m"
"214","214-m"
"215","461"
"216","217"
"217","901"
"218","219"
"220","221"
"221","473"
"223","224"
"227","227-m"
"228","229"
"229","229-m"
"231","232"
"233","474"
"234","899"
"236","237","107","106"
"238","124"
"239","125"
"240","126"
"246","247"
"247","248"
"248","248-m"
"252","253"
"253","254"
"254","254-m"
"255","256"
"256","257"
"257","257-m"
"258","259"
"259","260"
"260","260-m"
"261","262"
"263","264"
"265","266","268"
"266","267"
"268","269"
"270","271"
"271","272"
"273","274"
"274","275"
"276","277"
"278","279"
"280","281"
"281","282","475"
"282","282-m"
"283","284"
"285","286"
"287","288"
"288","289"
"290","291","292"
"293","294"
"294","295"
"296","297"
"298","183"
"299","476"
"300","301"
"302","302-m"
"303","303-m"
"304","305"
"305","306"
"306","306-m"
"307","308"
"308","308-m"
"309","310"
"310","310-m"
"315","407"
"316","317"
"318","319"
"319","319-m"
"320","321"
"322","323"
"323","323-m"
"325","326"
"328","329"
"329","330"
"331","332"
"333","334"
"334","334-m"
"339","340"
"341","342"
"343","344"
"345","346"
"347","348"
"349","350"
"353","354"
"354","354-m"
"355","356"
"356","477"
"358","358-m"
"359","359-m","359-mz"
"360","202"
"361","362","478"
"362","362-m"
"363","364"
"364","365"
"366","367","368"
"371","372"
"372","373"
"373","373-m"
"374","375"
"375","376"
"376","376-m"
"380","380-m"
"381","381-m"
"382","382-m"
"383","383-m"
"384","384-m"
"387","388"
"388","389"
"390","391"
"391","392"
"393","394"
"394","395"
"396","397"
"397","398"
"398","398-m"
"399","400"
"401","402"
"403","404"
"404","405"
"406","315"
"408","409"
"410","411"
"412","413","414"
"412-c","413-c","414"
"412-s","413-s","414"
"415","416"
"418","419"
"420","421","421-s"
"422-e","423-e"
"422","423"
"425","426"
"427","428"
"428","428-m"
"431","432"
"433","358"
"434","435"
"436","437"
"438","185"
"439","122","122-g"
"440","113"
"443","444"
"444","445"
"445","445-m","445-mz"
"446","143"
"447","448"
"448","448-m","448-mz"
"449","450"
"451","452"
"453","454"
"456","457"
"458","226"
"459","460"
"460","460-m"
"475","475-m"
"478","478-m"
"485","485-m"
"491","491-m"
"495","496"
"496","497"
"498","499"
"499","500"
"500","500-m"
"501","502"
"502","503","503-h"
"504","505"
"506","507"
"507","508"
"509","510"
"511","512"
"513","514"
"515","516"
"517","518"
"519","520"
"520","521"
"522","523"
"524","525"
"525","526"
"527","528"
"529","530"
"530","530-m"
"531","531-m"
"532","533"
"533","534"
"535","536"
"536","537"
"540","541"
"541","542"
"543","544"
"544","545"
"545","545-m"
"546","547"
"548","549","549-h"
"551","552"
"552","553"
"554","555","555-z"
"557","558"
"559","560"
"560","560-m"
"562","563"
"564","565"
"566","567"
"568","569"
"569","569-gi"
"570","571"
"572","573"
"574","575"
"575","576"
"577","578"
"578","579"
"580","581"
"582","583"
"583","584"
"585","586"
"585-a","586-a"
"585-w","586-w"
"585-s","586-s"
"588","589"
"590","591"
"592-f","593-f"
"592","593"
"595","596"
"597","598"
"599","600"
"600","601"
"602","603"
"603","604"
"604","604-m"
"605","606"
"607","608"
"608","609"
"609","609-m"
"610","611"
"611","612"
"613","614"
"616","617"
"619","620"
"622","623"
"623","623-m"
"624","625"
"625","983"
"627","628","628-h"
"629","630"
"633","634"
"634","635"
"636","637"
"643","646-w"
"644","646-b"
"646","646-b","646-w"
"650","651"
"651","652"
"652","652-m"
"653","654"
"654","655"
"655","655-m"
"656","657"
"657","658"
"658","658-m"
"659","660"
"661","662"
"662","663"
"664","665"
"665","666"
"667","668","668-f"
"668","668-m"
"668-f","668-m"
"669","670"
"670","671"
"672","673"
"674","675"
"677","678","678-f"
"678-f","678-m"
"678","678-m"
"679","680"
"680","681","681-b"
"682","683"
"684","685"
"686","687"
"687","687-m"
"688","689"
"689","689-m"
"690","691"
"691","691-m"
"692","693"
"694","695"
"696","697"
"698","699"
"701","701-m"
"704","705","705-h"
"705","706"
"708","709"
"710","711"
"712","713","713-h"
"714","715"
"718-10","718"
"718","718-c"
"718-c","718-m"
"719","719-m"
"720","720-u"
"722","723"
"723","724","724-h"
"725","726"
"726","727"
"728","729"
"729","730"
"731","732"
"732","733"
"734","735"
"736","737"
"737","738"
"739","740"
"740","740-m"
"742","743"
"744","745","745-d","745-m"
"747","748"
"749","750"
"751","752"
"753","754"
"755","756"
"757","758"
"759","760"
"761","762"
"762","763"
"767","768"
"768","768-m"
"769","770"
"772","773"
"780","780-m"
"782","783"
"783","784"
"789","790"
"790","791","792"
"791","800-dm"
"792","800-dw"
"800","800-dm","800-dw","800-u"
"801","801-m"
"803","804"
"807","807-m"
"808","809"
"809","809-gi"
"019-a","020-a"
"027-a","028-a"
"037-a","038-a"
"050-a","051-a"
"052-a","053-a"
"074-a","075-a"
"075-a","076-a"
"088-a","089-a"
"810","811"
"811","812"
"812","812-gi"
"813","814"
"814","815"
"815","815-gi"
"816","817"
"817","818"
"818","818-gi"
"819","820"
"821","822"
"822","823"
"823","823-gi"
"824","825"
"825","826"
"826","826-gi"
"827","828"
"829","830"
"831","832"
"833","834"
"834","834-gi"
"835","836"
"837","838"
"838","839"
"839","839-gi"
"840","841","842","1011"
"841","841-gi"
"842","842-gi"
"843","844"
"844","844-gi"
"846","847"
"848","849","849-l"
"849","849-gi"
"849-l","849-l-gi"
"850","851"
"851","851-gi"
"852","853"
"854","855"
"856","857"
"857","858"
"858","858-gi"
"859","860"
"860","861"
"861","861-gi"
"263-g","264-g"
"264-g","862"
"052-g","863"
"222-g","864"
"083-g","865"
"122-g","866"
"562-g","867"
"868","869"
"869","869-gi"
"870","870-m"
"872","873"
"878","879"
"879","879-gi"
"884","884-gi","1018"
"885","886"
"886","887"
"888","888-c"
"889","889-c"
"890","890-gi"
"891","892","892-r"
"892-r","892-r-gi"
"892","892-gi"
"896","898-i"
"897","898-s"
"898","898-i","898-s"
"550-w","902"
"215-h","903"
"211-h","904"
"058-h","059-h"
"077-g","078-g"
"079-g","080-g","199-g"
"100-h","101-h"
"554-g","555-g","555-gz"
"570-h","571-h"
"705-h","706-h"
"906","907"
"907","908"
"909","910"
"910","911"
"912","913"
"913","914"
"915","916","916-f"
"917","918"
"919","920"
"921","922"
"922","923"
"924","925"
"926","927"
"928","929"
"929","930"
"932","933"
"933","934"
"935","936","937"
"938","939"
"940","941"
"942","943"
"944","945"
"946","947"
"948","949"
"951","952"
"952","952-m"
"953","954"
"955","956"
"957","958"
"958","959"
"960","961"
"963","964","964-h"
"965","966"
"969","970"
"970","970-m"
"971","972"
"974","975"
"978","978-m"
"978-d","978-md"
"978-s","978-ms"
"194-p","980"
"996","997"
"997","998"
"998","998-m"
"999","1000"
"1011","1019"
"1012","1013"
